"0","# Read needed packages"
"0","library(tidyverse)"
"2","Warning: package â€˜tidyverseâ€™ was built under R version 4.2.3"
"2","Warning: package â€˜ggplot2â€™ was built under R version 4.2.3"
"2","Warning: package â€˜tibbleâ€™ was built under R version 4.2.3"
"2","Warning: package â€˜tidyrâ€™ was built under R version 4.2.3"
"2","Warning: package â€˜readrâ€™ was built under R version 4.2.3"
"2","Warning: package â€˜purrrâ€™ was built under R version 4.2.3"
"2","Warning: package â€˜dplyrâ€™ was built under R version 4.2.3"
"2","Warning: package â€˜stringrâ€™ was built under R version 4.2.3"
"2","Warning: package â€˜forcatsâ€™ was built under R version 4.2.3"
"2","Warning: package â€˜lubridateâ€™ was built under R version 4.2.3"
"2","â”€â”€ [1mAttaching core tidyverse packages[22m â”€â”€â”€â”€â”€â”€â”€â”€â”€â”€â”€â”€â”€â”€â”€â”€â”€â”€â”€â”€â”€â”€â”€â”€â”€â”€â”€â”€â”€â”€â”€â”€â”€â”€â”€â”€â”€â”€â”€â”€â”€â”€â”€â”€â”€â”€â”€â”€â”€â”€â”€â”€â”€â”€â”€â”€â”€â”€â”€â”€â”€â”€â”€â”€â”€â”€â”€â”€â”€â”€â”€â”€â”€â”€â”€â”€â”€â”€â”€â”€â”€â”€â”€â”€â”€â”€â”€â”€â”€â”€â”€â”€â”€â”€â”€â”€â”€â”€â”€â”€â”€â”€â”€â”€ tidyverse 2.0.0 â”€â”€
[32mâœ”[39m [34mdplyr    [39m 1.1.2     [32mâœ”[39m [34mreadr    [39m 2.1.4
[32mâœ”[39m [34mforcats  [39m 1.0.0     [32mâœ”[39m [34mstringr  [39m 1.5.0
[32mâœ”[39m [34mggplot2  [39m 3.4.2     [32mâœ”[39m [34mtibble   [39m 3.2.1
[32mâœ”[39m [34mlubridate[39m 1.9.2     [32mâœ”[39m [34mtidyr    [39m 1.3.0
[32mâœ”[39m [34mpurrr    [39m 1.0.1     "
"2","â”€â”€ [1mConflicts[22m â”€â”€â”€â”€â”€â”€â”€â”€â”€â”€â”€â”€â”€â”€â”€â”€â”€â”€â”€â”€â”€â”€â”€â”€â”€â”€â”€â”€â”€â”€â”€â”€â”€â”€â”€â”€â”€â”€â”€â”€â”€â”€â”€â”€â”€â”€â”€â”€â”€â”€â”€â”€â”€â”€â”€â”€â”€â”€â”€â”€â”€â”€â”€â”€â”€â”€â”€â”€â”€â”€â”€â”€â”€â”€â”€â”€â”€â”€â”€â”€â”€â”€â”€â”€â”€â”€â”€â”€â”€â”€â”€â”€â”€â”€â”€â”€â”€â”€â”€â”€â”€â”€â”€â”€â”€â”€â”€â”€â”€â”€â”€â”€â”€â”€â”€â”€â”€â”€â”€â”€â”€â”€ tidyverse_conflicts() â”€â”€
[31mâœ–[39m [34mdplyr[39m::[32mfilter()[39m masks [34mstats[39m::filter()
[31mâœ–[39m [34mdplyr[39m::[32mlag()[39m    masks [34mstats[39m::lag()
[36mâ„¹[39m Use the ]8;;http://conflicted.r-lib.org/conflicted package]8;; to force all conflicts to become errors"
"0","library(tidylog)"
"2","Warning: package â€˜tidylogâ€™ was built under R version 4.2.3"
"2","
Attaching package: â€˜tidylogâ€™

"
"2","The following objects are masked from â€˜package:dplyrâ€™:

    add_count, add_tally, anti_join, count, distinct, distinct_all, distinct_at, distinct_if, filter, filter_all, filter_at, filter_if,
    full_join, group_by, group_by_all, group_by_at, group_by_if, inner_join, left_join, mutate, mutate_all, mutate_at, mutate_if, relocate,
    rename, rename_all, rename_at, rename_if, rename_with, right_join, sample_frac, sample_n, select, select_all, select_at, select_if,
    semi_join, slice, slice_head, slice_max, slice_min, slice_sample, slice_tail, summarise, summarise_all, summarise_at, summarise_if,
    summarize, summarize_all, summarize_at, summarize_if, tally, top_frac, top_n, transmute, transmute_all, transmute_at, transmute_if, ungroup

"
"2","The following objects are masked from â€˜package:tidyrâ€™:

    drop_na, fill, gather, pivot_longer, pivot_wider, replace_na, spread, uncount

"
"2","The following object is masked from â€˜package:statsâ€™:

    filter

"
